Title,Date,Time,Notes,
Test 1,01/15/2018,0:10,Note for test 1
Test 1,10/10/2017,10:10,Note not the same as test 1
Test 2,02/02/2018,2:20,Note for test 2
Test 3,03/03/2018,0:33,Note for test 3
Test 4,04/04/2018,4:45,Notes for test 4
Test 5,05/05/1955,5:55,Johnny 5 alive!
Test 6,06/06/1975,6:06,Notes for test 6
Test Date 1,01/01/2018,0:45,Note for test date 1
Test Date 2,02/02/2018,2:20,Note for test date 2
Test Date 3,03/03/2018,3:30,Note for test date 3
Test Date 4,04/04/2018,0:44,Note for test date 4
Test 99,04/18/2018,0:59,Test for zero hour
Test One!,01/01/2018,0:10,Note for test one
Test Delete,12/12/2018,8:08,This is for Delete Test
Test end,04/24/2018,0:59,Note for last test, end of file.
